"time","CIF","lower","upper","group","interval"
0,0,0,0,"expectant","0–8"
1,0,0,0,"expectant","0–8"
2,0,0,0,"expectant","0–8"
3,0,0,0,"expectant","0–8"
4,0,0,0,"expectant","0–8"
5,0,0,0,"expectant","0–8"
6,0,0,0,"expectant","0–8"
7,0,0,0,"expectant","0–8"
8,0,0,0,"expectant","0–8"
9,0.0315309045994022,0.028695874408599,0.0345595272945864,"expectant","0–8"
10,0.0655706870465419,0.0613584095028198,0.0699615455061574,"expectant","0–8"
11,0.0969500796511748,0.0917544311550299,0.102309906630447,"expectant","0–8"
12,0.129597716094785,0.123535143598298,0.135808669077805,"expectant","0–8"
13,0.163562074954048,0.156769145646235,0.170483721113241,"expectant","0–8"
14,0.196865475418727,0.189451377658202,0.204388590814125,"expectant","0–8"
15,0.231642670184188,0.223654503341132,0.239718939353032,"expectant","0–8"
16,0.26242622388053,0.254035628006635,0.270885126619567,"expectant","0–8"
17,0.292703808152101,0.284001356379873,0.30145468408136,"expectant","0–8"
18,0.323961186351451,0.314923264962951,0.333027651726659,"expectant","0–8"
19,0.353992744299889,0.344688826167886,0.36330574556681,"expectant","0–8"
20,0.382008714223324,0.372537803586606,0.391470450242655,"expectant","0–8"
21,0.405510520696504,0.395972442077873,0.415024464941132,"expectant","0–8"
22,0.42915110940399,0.419511295717574,0.438751661649037,"expectant","0–8"
23,0.44992306759683,0.440234850171411,0.45955899319421,"expectant","0–8"
24,0.469763288740585,0.46003493387289,0.479426896707513,"expectant","0–8"
25,0.489267299019638,0.479527154373413,0.498930713486801,"expectant","0–8"
26,0.509611742372298,0.499860236482432,0.51927387392849,"expectant","0–8"
27,0.52396757553801,0.514212713865899,0.533624069275899,"expectant","0–8"
28,0.540999702524431,0.531270444505182,0.55062035318584,"expectant","0–8"
29,0.55531129627292,0.545610699363687,0.56489470884464,"expectant","0–8"
30,0.573950282459571,0.564287701774737,0.58348428571773,"expectant","0–8"
31,0.589429585723561,0.579805854449928,0.598915208742874,"expectant","0–8"
32,0.607798843286615,0.598219919927622,0.61722792346181,"expectant","0–8"
33,0.626117363083087,0.616605525233053,0.635467871003035,"expectant","0–8"
34,0.645197142277229,0.635779261491398,0.654442017988948,"expectant","0–8"
35,0.663130561062159,0.653816234909991,0.672260940738305,"expectant","0–8"
36,0.679893299788308,0.670661510970326,0.688929769255434,"expectant","0–8"
37,0.694169595850805,0.685028356674922,0.703106140014901,"expectant","0–8"
38,0.709196171623706,0.700148541906857,0.718028568189055,"expectant","0–8"
39,0.722496110208877,0.713528213517406,0.731238676003669,"expectant","0–8"
40,0.735653443242623,0.726781412658436,0.744290346469869,"expectant","0–8"
41,0.748156335155897,0.739370358827692,0.756696932599987,"expectant","0–8"
42,0.757923381568618,0.749204755604185,0.766388079150904,"expectant","0–8"
43,0.766847140983665,0.758217964165781,0.775215758117878,"expectant","0–8"
44,0.775921797419261,0.767370996132587,0.784204113829469,"expectant","0–8"
45,0.784416202284024,0.77593172609675,0.792623846138736,"expectant","0–8"
46,0.791031921295808,0.782619083575911,0.799162361622569,"expectant","0–8"
47,0.79676969946896,0.788405219077691,0.80484578559313,"expectant","0–8"
48,0.802943879844019,0.794651570499697,0.810942417847419,"expectant","0–8"
49,0.808345769082324,0.800103413357146,0.816288470160514,"expectant","0–8"
50,0.814471747929867,0.80627542174528,0.822360611481581,"expectant","0–8"
51,0.818557519032552,0.810399764077406,0.826402940020102,"expectant","0–8"
52,0.822159877830952,0.814029727300597,0.829972747578429,"expectant","0–8"
53,0.825143615875102,0.817035962033233,0.832929727027569,"expectant","0–8"
54,0.827002195827947,0.818916334441733,0.834764404526318,"expectant","0–8"
55,0.829587792522178,0.821518891884845,0.837328975016416,"expectant","0–8"
56,0.832376383453105,0.824329206148109,0.840091609752611,"expectant","0–8"
57,0.834442008423575,0.826410385693405,0.84213841873213,"expectant","0–8"
58,0.836200924120421,0.828182408034807,0.843881381133335,"expectant","0–8"
59,0.837856803872873,0.829852377960792,0.845520586060134,"expectant","0–8"
60,0.83910411860598,0.831109750997379,0.846755817418587,"expectant","0–8"
61,0.840251707689806,0.832262985766168,0.84789556776737,"expectant","0–8"
62,0.841600551811617,0.833617346920214,0.849236185111468,"expectant","0–8"
63,0.84222120223408,0.834240332060839,0.849853222384006,"expectant","0–8"
64,0.842945002040459,0.834966751793958,0.850572890907057,"expectant","0–8"
65,0.844186962349155,0.836215604195609,0.851805543442111,"expectant","0–8"
66,0.844497288354336,0.836526972749383,0.852114158900811,"expectant","0–8"
67,0.845117544966629,0.837150387129933,0.852730008779494,"expectant","0–8"
68,0.8456350462055,0.837672189518392,0.853242305367862,"expectant","0–8"
69,0.845738893507879,0.837776225935524,0.853345722696826,"expectant","0–8"
70,0.846775743576058,0.838816742007735,0.8543766418856,"expectant","0–8"
71,0.847396968713788,0.839441406123603,0.854993167310512,"expectant","0–8"
72,0.847500341997057,0.839545998234446,0.855095168198888,"expectant","0–8"
73,0.848431924470499,0.840479528921006,0.856022607039686,"expectant","0–8"
74,0.848639308355505,0.840689003795143,0.856227555347325,"expectant","0–8"
75,0.848953361320196,0.841003025298517,0.856540831100849,"expectant","0–8"
76,0.849057257159013,0.841104563251419,0.856646607038366,"expectant","0–8"
77,0.849264835947469,0.841312760876299,0.856853086975179,"expectant","0–8"
78,0.849473902950967,0.841521871754554,0.857061573544113,"expectant","0–8"
79,0.849577807162781,0.841625929727975,0.857165068639461,"expectant","0–8"
80,0.8496816159987,0.841729568466317,0.857268763100911,"expectant","0–8"
81,0.849786202955042,0.841834100371109,0.857373128571242,"expectant","0–8"
82,0.849995179912555,0.842040997664623,0.857583454538798,"expectant","0–8"
83,0.850205015580921,0.842250791616389,0.85779278050434,"expectant","0–8"
84,0.850205015580921,0.842250791616389,0.85779278050434,"expectant","0–8"
85,0.850414397683237,0.842460566364611,0.858001257451915,"expectant","0–8"
86,0.850727332674468,0.842773382994132,0.858313478654381,"expectant","0–8"
87,0.851039241988309,0.843085853142845,0.858624055939639,"expectant","0–8"
88,0.851039241988309,0.843085853142845,0.858624055939639,"expectant","0–8"
89,0.851039241988309,0.843085853142845,0.858624055939639,"expectant","0–8"
90,0.851246532162189,0.843294911009028,0.85882919071321,"expectant","0–8"
91,0.851350757938534,0.843398520214933,0.858933701191834,"expectant","0–8"
92,0.851669439395169,0.843727020239732,0.859242610254701,"expectant","0–8"
93,0.851882587251175,0.843940500446681,0.859454889564374,"expectant","0–8"
94,0.852200883277721,0.84426018080765,0.859771078837763,"expectant","0–8"
95,0.852417501582179,0.844476797337814,0.859987119488423,"expectant","0–8"
96,0.852631177504086,0.844689934121429,0.860200712316059,"expectant","0–8"
97,0.852631177504086,0.844689934121429,0.860200712316059,"expectant","0–8"
98,0.852739306185613,0.844797699647315,0.860308880368386,"expectant","0–8"
99,0.852739306185613,0.844797699647315,0.860308880368386,"expectant","0–8"
100,0.853061475316344,0.845120831785463,0.860629306657103,"expectant","0–8"
101,0.853277768879314,0.845336460822251,0.860845619027997,"expectant","0–8"
102,0.853277768879314,0.845336460822251,0.860845619027997,"expectant","0–8"
103,0.853607333284362,0.845663953157391,0.861176170625104,"expectant","0–8"
104,0.853716138365863,0.845772326230189,0.861285071749834,"expectant","0–8"
105,0.853716138365863,0.845772326230189,0.861285071749834,"expectant","0–8"
106,0.853716138365863,0.845772326230189,0.861285071749834,"expectant","0–8"
107,0.853716138365863,0.845772326230189,0.861285071749834,"expectant","0–8"
108,0.853824260808641,0.845881120938199,0.861392289192872,"expectant","0–8"
109,0.853824260808641,0.845881120938199,0.861392289192872,"expectant","0–8"
110,0.853824260808641,0.845881120938199,0.861392289192872,"expectant","0–8"
111,0.853824260808641,0.845881120938199,0.861392289192872,"expectant","0–8"
112,0.853824260808641,0.845881120938199,0.861392289192872,"expectant","0–8"
113,0.853824260808641,0.845881120938199,0.861392289192872,"expectant","0–8"
114,0.854046518937991,0.846102770061944,0.861614493046641,"expectant","0–8"
115,0.854157150047341,0.846213434925572,0.861724790684032,"expectant","0–8"
116,0.854267874815068,0.846326564581363,0.861833029503273,"expectant","0–8"
117,0.854267874815068,0.846326564581363,0.861833029503273,"expectant","0–8"
118,0.854382940597057,0.846441739592799,0.861947680477135,"expectant","0–8"
119,0.854498360013265,0.846556482809401,0.862063396330877,"expectant","0–8"
120,0.85461232823227,0.846670294404184,0.862177193013341,"expectant","0–8"
0,0,0,0,"induced","0–8"
1,0,0,0,"induced","0–8"
2,0,0,0,"induced","0–8"
3,0,0,0,"induced","0–8"
4,0,0,0,"induced","0–8"
5,0,0,0,"induced","0–8"
6,0,0,0,"induced","0–8"
7,0,0,0,"induced","0–8"
8,0,0,0,"induced","0–8"
9,0.119913775321369,0.108604601026496,0.13181666509695,"induced","0–8"
10,0.234560971877001,0.218163191829645,0.251322769902004,"induced","0–8"
11,0.327337576805617,0.307753726442749,0.347045020199894,"induced","0–8"
12,0.411903515264072,0.389917712011703,0.433741085631872,"induced","0–8"
13,0.48755980984835,0.463760664467511,0.510912316659588,"induced","0–8"
14,0.551285735660769,0.526310755555014,0.575515416397172,"induced","0–8"
15,0.60714885113147,0.581391767183218,0.631853895840488,"induced","0–8"
16,0.648405512609975,0.622209554838523,0.673286751627068,"induced","0–8"
17,0.682362502451606,0.655842908991699,0.707314814683592,"induced","0–8"
18,0.711123862090848,0.684451774817586,0.735992905647303,"induced","0–8"
19,0.733806520221241,0.707048882059722,0.758551493039617,"induced","0–8"
20,0.750956503969929,0.724099833896494,0.775616170794211,"induced","0–8"
21,0.76276679991215,0.735800411158937,0.787389492290475,"induced","0–8"
22,0.772705872014619,0.745675952054479,0.797263644866248,"induced","0–8"
23,0.77997348667558,0.752870411792783,0.804499491609714,"induced","0–8"
24,0.785694611219423,0.758516907006212,0.810205200095989,"induced","0–8"
25,0.790319118041781,0.763061436050363,0.814830044476875,"induced","0–8"
26,0.794270841672685,0.766931587030386,0.818790222642007,"induced","0–8"
27,0.79660967119603,0.76921876690364,0.821135579591118,"induced","0–8"
28,0.798976254819683,0.771527589414514,0.823512218154131,"induced","0–8"
29,0.800631149449634,0.773138064208161,0.825176758096025,"induced","0–8"
30,0.802405579328495,0.774862296257822,0.826962995164025,"induced","0–8"
31,0.803598550289456,0.776019989388117,0.82816476876789,"induced","0–8"
32,0.804750385543478,0.777138401432824,0.829324322410592,"induced","0–8"
33,0.805656085055329,0.778019183997934,0.830234820755168,"induced","0–8"
34,0.806378754081253,0.778722270999855,0.830960962122253,"induced","0–8"
35,0.806888226324135,0.779218394944981,0.831472457404447,"induced","0–8"
36,0.80723637300513,0.779556779810805,0.831822461229879,"induced","0–8"
37,0.807454022919011,0.779767714736721,0.832041742123105,"induced","0–8"
38,0.807618012211905,0.779926090633383,0.832207390273526,"induced","0–8"
39,0.807720932071222,0.780025247476303,0.832311537360359,"induced","0–8"
40,0.807790554046707,0.780091882107457,0.832382336360459,"induced","0–8"
41,0.807835883515432,0.78013517997436,0.832428499774079,"induced","0–8"
42,0.807860974276721,0.780159179853516,0.832454025392664,"induced","0–8"
43,0.807877295725258,0.780174764199675,0.832470651293326,"induced","0–8"
44,0.80788865454036,0.780185534668518,0.832482281346732,"induced","0–8"
45,0.807895740984792,0.780192215350087,0.832489567499489,"induced","0–8"
46,0.807899500494141,0.780195745102302,0.832493444373262,"induced","0–8"
47,0.807901675927522,0.780197759642676,0.832495709740804,"induced","0–8"
48,0.807903268316415,0.780199219530756,0.832497379567573,"induced","0–8"
49,0.807904232785418,0.780200105933067,0.832498389215721,"induced","0–8"
50,0.807904938235504,0.780200751687417,0.832499129756302,"induced","0–8"
51,0.807905246484573,0.780201033480222,0.832499453631401,"induced","0–8"
52,0.807905423394644,0.780201192855389,0.83249964136249,"induced","0–8"
53,0.807905525785672,0.780201284584533,0.832499750420842,"induced","0–8"
54,0.807905569536555,0.780201323105133,0.83249979755223,"induced","0–8"
55,0.807905613777074,0.780201361674496,0.832499845512412,"induced","0–8"
56,0.807905645158823,0.78020138866414,0.832499879823732,"induced","0–8"
57,0.807905660833034,0.780201402070648,0.832499897019478,"induced","0–8"
58,0.807905670328198,0.78020141013337,0.83249990748263,"induced","0–8"
59,0.807905676819156,0.780201415630557,0.832499914646772,"induced","0–8"
60,0.807905680267233,0.780201418516585,0.832499918479363,"induced","0–8"
61,0.807905682462425,0.780201420313636,0.832499920951128,"induced","0–8"
62,0.807905684190605,0.780201421700829,0.832499922918751,"induced","0–8"
63,0.807905684817186,0.780201422203646,0.832499923632252,"induced","0–8"
64,0.807905685362992,0.780201422633989,0.832499924259803,"induced","0–8"
65,0.807905686012443,0.780201423136813,0.832499925013805,"induced","0–8"
66,0.807905686136592,0.780201423232627,0.832499925158181,"induced","0–8"
67,0.807905686349344,0.780201423396229,0.832499925406063,"induced","0–8"
68,0.807905686496233,0.780201423508688,0.832499925577596,"induced","0–8"
69,0.80790568652056,0.780201423527235,0.832499925606066,"induced","0–8"
70,0.807905686729081,0.780201423687739,0.832499925848896,"induced","0–8"
71,0.807905686825831,0.780201423763336,0.832499925960678,"induced","0–8"
72,0.807905686839523,0.780201423774027,0.832499925976502,"induced","0–8"
73,0.807905686944099,0.780201423856699,0.832499926096569,"induced","0–8"
74,0.807905686960646,0.780201423869678,0.832499926115647,"induced","0–8"
75,0.807905686978899,0.780201423883544,0.832499926137048,"induced","0–8"
76,0.807905686983527,0.780201423886884,0.832499926142613,"induced","0–8"
77,0.807905686992196,0.780201423893307,0.832499926152906,"induced","0–8"
78,0.807905686999667,0.780201423898723,0.832499926161869,"induced","0–8"
79,0.807905687003044,0.780201423901216,0.832499926165885,"induced","0–8"
80,0.807905687006263,0.780201423903559,0.83249992616974,"induced","0–8"
81,0.807905687009072,0.780201423905612,0.832499926173097,"induced","0–8"
82,0.807905687013789,0.780201423908937,0.832499926178831,"induced","0–8"
83,0.807905687017639,0.780201423911698,0.832499926183475,"induced","0–8"
84,0.807905687017639,0.780201423911698,0.832499926183475,"induced","0–8"
85,0.807905687021084,0.780201423914169,0.832499926187628,"induced","0–8"
86,0.807905687024769,0.780201423916746,0.832499926192124,"induced","0–8"
87,0.80790568702769,0.780201423918795,0.832499926195682,"induced","0–8"
88,0.80790568702769,0.780201423918795,0.832499926195682,"induced","0–8"
89,0.80790568702769,0.780201423918795,0.832499926195682,"induced","0–8"
90,0.807905687029338,0.780201423919962,0.832499926197683,"induced","0–8"
91,0.807905687030086,0.780201423920488,0.832499926198593,"induced","0–8"
92,0.80790568703207,0.780201423921928,0.832499926200972,"induced","0–8"
93,0.807905687033165,0.780201423922736,0.832499926202274,"induced","0–8"
94,0.807905687034497,0.780201423923729,0.832499926203852,"induced","0–8"
95,0.807905687035258,0.780201423924301,0.832499926204749,"induced","0–8"
96,0.807905687035843,0.780201423924749,0.83249992620543,"induced","0–8"
97,0.807905687035843,0.780201423924749,0.83249992620543,"induced","0–8"
98,0.807905687035941,0.780201423924815,0.832499926205552,"induced","0–8"
99,0.807905687035941,0.780201423924815,0.832499926205552,"induced","0–8"
100,0.80790568703617,0.78020142392497,0.832499926205837,"induced","0–8"
101,0.80790568703628,0.780201423925047,0.832499926205971,"induced","0–8"
102,0.80790568703628,0.780201423925047,0.832499926205971,"induced","0–8"
103,0.807905687036367,0.780201423925105,0.832499926206079,"induced","0–8"
104,0.807905687036385,0.780201423925117,0.832499926206101,"induced","0–8"
105,0.807905687036385,0.780201423925117,0.832499926206101,"induced","0–8"
106,0.807905687036385,0.780201423925117,0.832499926206101,"induced","0–8"
107,0.807905687036385,0.780201423925117,0.832499926206101,"induced","0–8"
108,0.807905687036399,0.780201423925127,0.832499926206118,"induced","0–8"
109,0.807905687036399,0.780201423925127,0.832499926206118,"induced","0–8"
110,0.807905687036399,0.780201423925127,0.832499926206118,"induced","0–8"
111,0.807905687036399,0.780201423925127,0.832499926206118,"induced","0–8"
112,0.807905687036399,0.780201423925127,0.832499926206118,"induced","0–8"
113,0.807905687036399,0.780201423925127,0.832499926206118,"induced","0–8"
114,0.807905687036413,0.780201423925136,0.832499926206135,"induced","0–8"
115,0.807905687036418,0.78020142392514,0.832499926206141,"induced","0–8"
116,0.807905687036421,0.780201423925142,0.832499926206145,"induced","0–8"
117,0.807905687036421,0.780201423925142,0.832499926206145,"induced","0–8"
118,0.807905687036423,0.780201423925144,0.832499926206148,"induced","0–8"
119,0.807905687036425,0.780201423925145,0.83249992620615,"induced","0–8"
120,0.807905687036426,0.780201423925146,0.832499926206151,"induced","0–8"
0,0,0,0,"expectant","8–16"
1,0,0,0,"expectant","8–16"
2,0,0,0,"expectant","8–16"
3,0,0,0,"expectant","8–16"
4,0,0,0,"expectant","8–16"
5,0,0,0,"expectant","8–16"
6,0,0,0,"expectant","8–16"
7,0,0,0,"expectant","8–16"
8,0,0,0,"expectant","8–16"
9,0,0,0,"expectant","8–16"
10,0,0,0,"expectant","8–16"
11,0,0,0,"expectant","8–16"
12,0,0,0,"expectant","8–16"
13,0,0,0,"expectant","8–16"
14,0,0,0,"expectant","8–16"
15,0,0,0,"expectant","8–16"
16,0,0,0,"expectant","8–16"
17,0.0276791808790415,0.0246489365783954,0.0309693145540859,"expectant","8–16"
18,0.0599246292530243,0.0551741163483609,0.0649311002951985,"expectant","8–16"
19,0.0928696931959988,0.0867375327099445,0.0992457802104168,"expectant","8–16"
20,0.12495758326112,0.117676538467327,0.132465826231544,"expectant","8–16"
21,0.152336167098597,0.14421347633916,0.160667052341877,"expectant","8–16"
22,0.182676097518763,0.173733372783023,0.191802854988866,"expectant","8–16"
23,0.209682323411566,0.200133923580001,0.219389851917619,"expectant","8–16"
24,0.236821540628909,0.226731842140299,0.247044462520271,"expectant","8–16"
25,0.264120978004642,0.253551123471626,0.274797210990201,"expectant","8–16"
26,0.29327724830624,0.282240415619095,0.304391399725554,"expectant","8–16"
27,0.314320743895191,0.302962154507962,0.325735450918534,"expectant","8–16"
28,0.339192434055352,0.327531015609732,0.350884072733281,"expectant","8–16"
29,0.360564353601679,0.34865011586962,0.372486383002726,"expectant","8–16"
30,0.389035979784107,0.376930431940444,0.401119290207948,"expectant","8–16"
31,0.413155300880372,0.400912564011056,0.42535061572528,"expectant","8–16"
32,0.441996769984209,0.429605405047483,0.454310554084693,"expectant","8–16"
33,0.471042852826788,0.458537418182619,0.483440238531787,"expectant","8–16"
34,0.501289287417257,0.488705226467537,0.513733397972134,"expectant","8–16"
35,0.53001080015264,0.517436810174048,0.542415548700486,"expectant","8–16"
36,0.557045130056491,0.544481114286786,0.569411389694508,"expectant","8–16"
37,0.579985229881255,0.567450713116884,0.592297396836768,"expectant","8–16"
38,0.604375127927158,0.591905410911159,0.61659627604477,"expectant","8–16"
39,0.626006354574264,0.613588209821256,0.638151087704429,"expectant","8–16"
40,0.647487667278289,0.635182145808598,0.659496357561706,"expectant","8–16"
41,0.667999498959623,0.655835902373929,0.679844223711671,"expectant","8–16"
42,0.684088423598314,0.672016556746138,0.695821996054154,"expectant","8–16"
43,0.698839264978267,0.686921134748355,0.710404228929795,"expectant","8–16"
44,0.713889043669551,0.702099933215702,0.725307248469828,"expectant","8–16"
45,0.728017989726132,0.716343975886039,0.73930290173446,"expectant","8–16"
46,0.739033392744058,0.727489749088602,0.750175581498489,"expectant","8–16"
47,0.748597335443223,0.737144322918995,0.759635988322043,"expectant","8–16"
48,0.758710849202005,0.747361715397721,0.769631758439972,"expectant","8–16"
49,0.767727418789369,0.756512228163091,0.77850443619084,"expectant","8–16"
50,0.777972225364954,0.766852925632883,0.788636842478718,"expectant","8–16"
51,0.784808563402025,0.773771572464794,0.795380668131935,"expectant","8–16"
52,0.790839876238992,0.779865018757146,0.801339516730012,"expectant","8–16"
53,0.795842127231338,0.784920425125439,0.806279804966111,"expectant","8–16"
54,0.79896141137884,0.788085971221738,0.809348303815782,"expectant","8–16"
55,0.803302684357792,0.792465538152511,0.813642454034046,"expectant","8–16"
56,0.807986869598669,0.797202725849557,0.818264801929486,"expectant","8–16"
57,0.811459560629279,0.800712775145929,0.821693164444964,"expectant","8–16"
58,0.814418653389094,0.803705029841356,0.824613105692923,"expectant","8–16"
59,0.817206495504787,0.806528733110744,0.827359734176651,"expectant","8–16"
60,0.819307260937361,0.808654237376336,0.829431412467116,"expectant","8–16"
61,0.821241181840764,0.810603762037005,0.831344947383899,"expectant","8–16"
62,0.823515646090673,0.812894076899766,0.833597571783373,"expectant","8–16"
63,0.824562805400134,0.813949440891958,0.834633813390916,"expectant","8–16"
64,0.825784633821075,0.815179144409459,0.835844394677412,"expectant","8–16"
65,0.82788156328245,0.817295287714534,0.837916802483516,"expectant","8–16"
66,0.828405603608004,0.817823063478622,0.83843565468603,"expectant","8–16"
67,0.829453684884839,0.81888161411626,0.839470644211778,"expectant","8–16"
68,0.830328940829923,0.819770193161076,0.840330835708791,"expectant","8–16"
69,0.830504663385357,0.819946852084678,0.840505091677952,"expectant","8–16"
70,0.832260889256563,0.82171715245836,0.842242379211171,"expectant","8–16"
71,0.833314243899389,0.822780801899222,0.843282671810142,"expectant","8–16"
72,0.833489557988847,0.822959405868332,0.843454397186578,"expectant","8–16"
73,0.835070813394737,0.824550928744975,0.845020619276629,"expectant","8–16"
74,0.835422780744805,0.824907723205159,0.845366956135427,"expectant","8–16"
75,0.835954946963525,0.825440115648045,0.845896926267581,"expectant","8–16"
76,0.836131016245738,0.825611857394903,0.846076201563414,"expectant","8–16"
77,0.836482977903414,0.825966442007477,0.846424490549064,"expectant","8–16"
78,0.836837570008399,0.8263228399204,0.846776126026373,"expectant","8–16"
79,0.837013877927868,0.826500093641627,0.846950919388229,"expectant","8–16"
80,0.837190070820306,0.826676925210249,0.847125871380152,"expectant","8–16"
81,0.837367599383341,0.826854838598919,0.847302379479297,"expectant","8–16"
82,0.837722503082228,0.827207181396545,0.847658212633597,"expectant","8–16"
83,0.838079052749234,0.827563372179552,0.84801371330044,"expectant","8–16"
84,0.838079052749234,0.827563372179552,0.84801371330044,"expectant","8–16"
85,0.838434572862179,0.827921040394269,0.848365945697544,"expectant","8–16"
86,0.838966392655228,0.828454372272095,0.848894356501019,"expectant","8–16"
87,0.839497008516847,0.828988305032542,0.849419947541303,"expectant","8–16"
88,0.839497008516847,0.828988305032542,0.849419947541303,"expectant","8–16"
89,0.839497008516847,0.828988305032542,0.849419947541303,"expectant","8–16"
90,0.839849966100914,0.829346742417022,0.849766639090986,"expectant","8–16"
91,0.840027552639114,0.82952405168157,0.849943776357906,"expectant","8–16"
92,0.840570901325384,0.830089952744718,0.850464890674424,"expectant","8–16"
93,0.840934722758364,0.830455765185869,0.850825504062854,"expectant","8–16"
94,0.841478658961577,0.831005413818392,0.851362198395675,"expectant","8–16"
95,0.841849280373038,0.831377881981119,0.851729701229968,"expectant","8–16"
96,0.842215308059702,0.831744456351699,0.852093780498021,"expectant","8–16"
97,0.842215308059702,0.831744456351699,0.852093780498021,"expectant","8–16"
98,0.842400781130514,0.831929554491923,0.852278844194765,"expectant","8–16"
99,0.842400781130514,0.831929554491923,0.852278844194765,"expectant","8–16"
100,0.842954086009597,0.832487919585636,0.852825421541266,"expectant","8–16"
101,0.843326349996441,0.832859745408295,0.853196570656111,"expectant","8–16"
102,0.843326349996441,0.832859745408295,0.853196570656111,"expectant","8–16"
103,0.843894629639625,0.833426875871428,0.853763562239142,"expectant","8–16"
104,0.8440826562788,0.83361455563656,0.85395112946232,"expectant","8–16"
105,0.8440826562788,0.83361455563656,0.85395112946232,"expectant","8–16"
106,0.8440826562788,0.83361455563656,0.85395112946232,"expectant","8–16"
107,0.8440826562788,0.83361455563656,0.85395112946232,"expectant","8–16"
108,0.844269730343941,0.833803438483725,0.854135830734601,"expectant","8–16"
109,0.844269730343941,0.833803438483725,0.854135830734601,"expectant","8–16"
110,0.844269730343941,0.833803438483725,0.854135830734601,"expectant","8–16"
111,0.844269730343941,0.833803438483725,0.854135830734601,"expectant","8–16"
112,0.844269730343941,0.833803438483725,0.854135830734601,"expectant","8–16"
113,0.844269730343941,0.833803438483725,0.854135830734601,"expectant","8–16"
114,0.844654573901935,0.834188675075504,0.854518745566574,"expectant","8–16"
115,0.844846485493696,0.83438166273182,0.854708911104942,"expectant","8–16"
116,0.845038764170717,0.834580310144028,0.854894740405579,"expectant","8–16"
117,0.845038764170717,0.834580310144028,0.854894740405579,"expectant","8–16"
118,0.84523675035853,0.834779741116205,0.855090625722715,"expectant","8–16"
119,0.845435574109567,0.834977857161583,0.855289254670979,"expectant","8–16"
120,0.84563240132946,0.835175333668604,0.855484688674261,"expectant","8–16"
0,0,0,0,"induced","8–16"
1,0,0,0,"induced","8–16"
2,0,0,0,"induced","8–16"
3,0,0,0,"induced","8–16"
4,0,0,0,"induced","8–16"
5,0,0,0,"induced","8–16"
6,0,0,0,"induced","8–16"
7,0,0,0,"induced","8–16"
8,0,0,0,"induced","8–16"
9,0,0,0,"induced","8–16"
10,0,0,0,"induced","8–16"
11,0,0,0,"induced","8–16"
12,0,0,0,"induced","8–16"
13,0,0,0,"induced","8–16"
14,0,0,0,"induced","8–16"
15,0,0,0,"induced","8–16"
16,0,0,0,"induced","8–16"
17,0.126965950014311,0.113876910290602,0.140790257688397,"induced","8–16"
18,0.253290146842072,0.235237842796911,0.271699459762279,"induced","8–16"
19,0.362210777262837,0.341247635533217,0.383192822684421,"induced","8–16"
20,0.450089675020253,0.427344785661539,0.472548127876961,"induced","8–16"
21,0.512554993297309,0.488789019006616,0.535786713052507,"induced","8–16"
22,0.570646048133598,0.546172065775918,0.594325538825341,"induced","8–16"
23,0.613482410809314,0.588491681015471,0.637451458808161,"induced","8–16"
24,0.648652560159007,0.623285744795705,0.672783211389712,"induced","8–16"
25,0.677267754498362,0.651612031722715,0.70148687804658,"induced","8–16"
26,0.70172368926653,0.675847589550888,0.725970016223383,"induced","8–16"
27,0.716174021768859,0.690177736915054,0.740414703644728,"induced","8–16"
28,0.730377654972103,0.704243956593676,0.75461839603707,"induced","8–16"
29,0.740268813092381,0.714037430514497,0.76450375193427,"induced","8–16"
30,0.750762378244411,0.724373506643338,0.775029045222382,"induced","8–16"
31,0.757669679436218,0.731162173261954,0.781964571523905,"induced","8–16"
32,0.764087196639945,0.73746522079065,0.788407640968232,"induced","8–16"
33,0.768908337364102,0.742197058381298,0.793247835473432,"induced","8–16"
34,0.772521077343477,0.745735888769205,0.796878896861949,"induced","8–16"
35,0.774928560044831,0.748087439954642,0.799303209287686,"induced","8–16"
36,0.776461886094183,0.749577825952905,0.800852880372208,"induced","8–16"
37,0.777345458786167,0.750433143430116,0.801748605775781,"induced","8–16"
38,0.777963708462002,0.751026793325213,0.802379255343882,"induced","8–16"
39,0.778319902598566,0.751367285834711,0.802743819303468,"induced","8–16"
40,0.778539530946703,0.751575139542416,0.802970315269738,"induced","8–16"
41,0.778669765060717,0.751697603859018,0.803105263625459,"induced","8–16"
42,0.778735836162356,0.75175985766272,0.803173622777698,"induced","8–16"
43,0.778775195778128,0.751796735321774,0.803214515616084,"induced","8–16"
44,0.778800001865936,0.751819782630195,0.803240447471766,"induced","8–16"
45,0.778813879190706,0.751832569445662,0.803255041989615,"induced","8–16"
46,0.778820501293693,0.751838629636088,0.803262040393026,"induced","8–16"
47,0.778823930720973,0.751841715051447,0.80326570819208,"induced","8–16"
48,0.778826156300037,0.751843699193269,0.803268103386655,"induced","8–16"
49,0.778827400230317,0.751844797471048,0.803269450904598,"induced","8–16"
50,0.778828207681582,0.751845509638033,0.803270326202342,"induced","8–16"
51,0.778828521342089,0.751845785351206,0.803270666984211,"induced","8–16"
52,0.778828681026972,0.751845922878767,0.80327084280562,"induced","8–16"
53,0.778828764830444,0.751845994407845,0.803270935607805,"induced","8–16"
54,0.778828797103254,0.751846021395635,0.803270971804021,"induced","8–16"
55,0.77882882698566,0.751846046067369,0.80327100557944,"induced","8–16"
56,0.778828845863295,0.751846061364028,0.803271027153747,"induced","8–16"
57,0.778828854308476,0.751846068155457,0.80327103684779,"induced","8–16"
58,0.778828858962615,0.751846071859578,0.803271042221878,"induced","8–16"
59,0.778828861873898,0.751846074164791,0.8032710455932,"induced","8–16"
60,0.778828863275438,0.751846075258967,0.803271047229004,"induced","8–16"
61,0.778828864079705,0.751846075870325,0.803271048181266,"induced","8–16"
62,0.778828864645658,0.751846076289644,0.803271048860293,"induced","8–16"
63,0.77882886483762,0.751846076431369,0.803271049091021,"induced","8–16"
64,0.778828864991852,0.751846076543173,0.803271049278092,"induced","8–16"
65,0.778828865157239,0.751846076660092,0.803271049481132,"induced","8–16"
66,0.778828865186524,0.751846076680698,0.803271049517164,"induced","8–16"
67,0.778828865234577,0.751846076714278,0.803271049576477,"induced","8–16"
68,0.778828865266063,0.751846076736057,0.803271049615525,"induced","8–16"
69,0.778828865270997,0.751846076739473,0.803271049621642,"induced","8–16"
70,0.778828865311599,0.751846076767816,0.803271049671784,"induced","8–16"
71,0.778828865329138,0.751846076780262,0.803271049693277,"induced","8–16"
72,0.778828865331505,0.751846076781935,0.803271049696183,"induced","8–16"
73,0.778828865348797,0.75184607679432,0.80327104971728,"induced","8–16"
74,0.778828865351278,0.751846076796083,0.803271049720319,"induced","8–16"
75,0.778828865353768,0.75184607679779,0.803271049723419,"induced","8–16"
76,0.778828865354352,0.751846076798157,0.803271049724174,"induced","8–16"
77,0.778828865355427,0.751846076798869,0.803271049725534,"induced","8–16"
78,0.778828865356313,0.751846076799435,0.803271049726671,"induced","8–16"
79,0.778828865356703,0.751846076799692,0.803271049727165,"induced","8–16"
80,0.77882886535707,0.751846076799925,0.803271049727636,"induced","8–16"
81,0.778828865357377,0.751846076800125,0.803271049728028,"induced","8–16"
82,0.778828865357868,0.751846076800424,0.803271049728669,"induced","8–16"
83,0.778828865358245,0.751846076800665,0.803271049729154,"induced","8–16"
84,0.778828865358245,0.751846076800665,0.803271049729154,"induced","8–16"
85,0.778828865358572,0.751846076800871,0.803271049729575,"induced","8–16"
86,0.77882886535889,0.751846076801067,0.803271049729991,"induced","8–16"
87,0.778828865359127,0.751846076801211,0.803271049730299,"induced","8–16"
88,0.778828865359127,0.751846076801211,0.803271049730299,"induced","8–16"
89,0.778828865359127,0.751846076801211,0.803271049730299,"induced","8–16"
90,0.778828865359254,0.75184607680129,0.803271049730465,"induced","8–16"
91,0.77882886535931,0.751846076801324,0.803271049730539,"induced","8–16"
92,0.778828865359453,0.751846076801416,0.803271049730722,"induced","8–16"
93,0.778828865359528,0.751846076801464,0.803271049730818,"induced","8–16"
94,0.778828865359614,0.75184607680152,0.803271049730927,"induced","8–16"
95,0.778828865359661,0.75184607680155,0.803271049730986,"induced","8–16"
96,0.778828865359694,0.751846076801573,0.803271049731028,"induced","8–16"
97,0.778828865359694,0.751846076801573,0.803271049731028,"induced","8–16"
98,0.778828865359698,0.751846076801575,0.803271049731033,"induced","8–16"
99,0.778828865359698,0.751846076801575,0.803271049731033,"induced","8–16"
100,0.778828865359706,0.75184607680158,0.803271049731044,"induced","8–16"
101,0.77882886535971,0.751846076801582,0.803271049731049,"induced","8–16"
102,0.77882886535971,0.751846076801582,0.803271049731049,"induced","8–16"
103,0.778828865359712,0.751846076801583,0.803271049731052,"induced","8–16"
104,0.778828865359712,0.751846076801584,0.803271049731052,"induced","8–16"
105,0.778828865359712,0.751846076801584,0.803271049731052,"induced","8–16"
106,0.778828865359712,0.751846076801584,0.803271049731052,"induced","8–16"
107,0.778828865359712,0.751846076801584,0.803271049731052,"induced","8–16"
108,0.778828865359713,0.751846076801584,0.803271049731053,"induced","8–16"
109,0.778828865359713,0.751846076801584,0.803271049731053,"induced","8–16"
110,0.778828865359713,0.751846076801584,0.803271049731053,"induced","8–16"
111,0.778828865359713,0.751846076801584,0.803271049731053,"induced","8–16"
112,0.778828865359713,0.751846076801584,0.803271049731053,"induced","8–16"
113,0.778828865359713,0.751846076801584,0.803271049731053,"induced","8–16"
114,0.778828865359713,0.751846076801584,0.803271049731053,"induced","8–16"
115,0.778828865359713,0.751846076801584,0.803271049731053,"induced","8–16"
116,0.778828865359713,0.751846076801584,0.803271049731053,"induced","8–16"
117,0.778828865359713,0.751846076801584,0.803271049731053,"induced","8–16"
118,0.778828865359713,0.751846076801584,0.803271049731053,"induced","8–16"
119,0.778828865359713,0.751846076801584,0.803271049731053,"induced","8–16"
120,0.778828865359713,0.751846076801584,0.803271049731053,"induced","8–16"
0,0,0,0,"expectant","16–24"
1,0,0,0,"expectant","16–24"
2,0,0,0,"expectant","16–24"
3,0,0,0,"expectant","16–24"
4,0,0,0,"expectant","16–24"
5,0,0,0,"expectant","16–24"
6,0,0,0,"expectant","16–24"
7,0,0,0,"expectant","16–24"
8,0,0,0,"expectant","16–24"
9,0,0,0,"expectant","16–24"
10,0,0,0,"expectant","16–24"
11,0,0,0,"expectant","16–24"
12,0,0,0,"expectant","16–24"
13,0,0,0,"expectant","16–24"
14,0,0,0,"expectant","16–24"
15,0,0,0,"expectant","16–24"
16,0,0,0,"expectant","16–24"
17,0,0,0,"expectant","16–24"
18,0,0,0,"expectant","16–24"
19,0,0,0,"expectant","16–24"
20,0,0,0,"expectant","16–24"
21,0,0,0,"expectant","16–24"
22,0,0,0,"expectant","16–24"
23,0,0,0,"expectant","16–24"
24,0,0,0,"expectant","16–24"
25,0.025465082559929,0.0219602056653626,0.0293602660111122,"expectant","16–24"
26,0.0549375770020891,0.0495608837684026,0.0606829389471716,"expectant","16–24"
27,0.0777511051051362,0.0712286991443888,0.0846245072490583,"expectant","16–24"
28,0.105224609945687,0.0973668034797902,0.113422869449107,"expectant","16–24"
29,0.130574374992307,0.1217670678591,0.139694800298182,"expectant","16–24"
30,0.164025364723623,0.154016394496783,0.174314997013161,"expectant","16–24"
31,0.193946080706822,0.183024092547288,0.205113636291838,"expectant","16–24"
32,0.23117413482851,0.219165563585059,0.243383998146548,"expectant","16–24"
33,0.270125492947357,0.257112754100998,0.283287956404022,"expectant","16–24"
34,0.311812143208096,0.297892820793853,0.325820283874539,"expectant","16–24"
35,0.352110837693708,0.337514300542606,0.366732898600092,"expectant","16–24"
36,0.391035191299219,0.375894876308162,0.406137569455203,"expectant","16–24"
37,0.424638916857551,0.409054213592923,0.440128461726899,"expectant","16–24"
38,0.460896860048694,0.445025937520692,0.476610381749663,"expectant","16–24"
39,0.493742382151208,0.47762356046174,0.509644807251764,"expectant","16–24"
40,0.526751991518505,0.510649526213151,0.542583497488708,"expectant","16–24"
41,0.558464630257243,0.54239373701623,0.574210886850756,"expectant","16–24"
42,0.583902315330933,0.56780477083844,0.599627653938226,"expectant","16–24"
43,0.60698962885246,0.590955315909188,0.622610105803406,"expectant","16–24"
44,0.630865166569139,0.614868004299485,0.646401139150177,"expectant","16–24"
45,0.653332071997438,0.63740244483027,0.668754388646116,"expectant","16–24"
46,0.671024592859219,0.655311613740731,0.686202165576086,"expectant","16–24"
47,0.686437822245331,0.670794641168889,0.701511536618717,"expectant","16–24"
48,0.702802664626303,0.687255109711381,0.717743595132385,"expectant","16–24"
49,0.717076452836462,0.70162534811504,0.73188714134272,"expectant","16–24"
50,0.7337348165558,0.718459604263588,0.748332400195825,"expectant","16–24"
51,0.744908518481973,0.729772992702811,0.759341528881221,"expectant","16–24"
52,0.75483975291062,0.739784332267219,0.769165030655403,"expectant","16–24"
53,0.763084643167553,0.748100455320124,0.777314847730388,"expectant","16–24"
54,0.768269273842134,0.75335769794549,0.782413980551251,"expectant","16–24"
55,0.77549021731691,0.76063450614627,0.789555679656804,"expectant","16–24"
56,0.783287866424795,0.768515263934669,0.797245992642333,"expectant","16–24"
57,0.789071666134441,0.774356783476812,0.802952735899678,"expectant","16–24"
58,0.794001597492736,0.779336889181016,0.807815417143531,"expectant","16–24"
59,0.798646762327386,0.784040059771383,0.812387089234244,"expectant","16–24"
60,0.802149612443514,0.78758031567694,0.815839717011879,"expectant","16–24"
61,0.805420054322545,0.790946358204908,0.81900944488689,"expectant","16–24"
62,0.809275146188567,0.794830915520838,0.822818823256773,"expectant","16–24"
63,0.811050363914359,0.796621170008594,0.824571510652654,"expectant","16–24"
64,0.813121637984502,0.79870511294008,0.826620618037152,"expectant","16–24"
65,0.816674799301506,0.802291724524697,0.830125075636653,"expectant","16–24"
66,0.81756240874902,0.803185561504556,0.831002299335065,"expectant","16–24"
67,0.819337654375568,0.804979863304269,0.83275090636303,"expectant","16–24"
68,0.820820711250987,0.806489772161946,0.834202079405865,"expectant","16–24"
69,0.821118560296751,0.806788877530662,0.834497122194384,"expectant","16–24"
70,0.824095871577549,0.809788914349813,0.837437288920895,"expectant","16–24"
71,0.825881567725346,0.811591976520435,0.839197258046595,"expectant","16–24"
72,0.826178767044485,0.811895280126954,0.83948737091403,"expectant","16–24"
73,0.828859140739315,0.814590921262328,0.842138167759288,"expectant","16–24"
74,0.82945566857088,0.815195363919665,0.842724149243276,"expectant","16–24"
75,0.830356945372428,0.81609447946567,0.843621675651443,"expectant","16–24"
76,0.830655135293219,0.816382259174717,0.843926995668285,"expectant","16–24"
77,0.83125137207642,0.816981961948361,0.844516472166702,"expectant","16–24"
78,0.831851978620014,0.817585215190842,0.845110977794877,"expectant","16–24"
79,0.832150613037033,0.817884778886414,0.845406904545932,"expectant","16–24"
80,0.832449043255638,0.818184520936769,0.845702292582773,"expectant","16–24"
81,0.832749752944717,0.818485033381539,0.846001242336389,"expectant","16–24"
82,0.833350994922653,0.819079859759481,0.846604139622899,"expectant","16–24"
83,0.833955063481114,0.819681000346614,0.847206807279335,"expectant","16–24"
84,0.833955063481114,0.819681000346614,0.847206807279335,"expectant","16–24"
85,0.834557176305482,0.820285277434463,0.847803117126624,"expectant","16–24"
86,0.83545780609013,0.82118532639143,0.848698309137922,"expectant","16–24"
87,0.836356240906183,0.822086867874819,0.849588091101666,"expectant","16–24"
88,0.836356240906183,0.822086867874819,0.849588091101666,"expectant","16–24"
89,0.836356240906183,0.822086867874819,0.849588091101666,"expectant","16–24"
90,0.836953795795365,0.822694871094933,0.850172657503266,"expectant","16–24"
91,0.837254613510695,0.822994715346361,0.850472286122673,"expectant","16–24"
92,0.83817594652183,0.823959999174778,0.851349639039891,"expectant","16–24"
93,0.838793153809105,0.824578563209078,0.851961486243593,"expectant","16–24"
94,0.839715827953955,0.825509729692364,0.852870554079591,"expectant","16–24"
95,0.840344929338607,0.826140727415658,0.853493685615418,"expectant","16–24"
96,0.840966267679535,0.826760948651177,0.854111660371826,"expectant","16–24"
97,0.840966267679535,0.826760948651177,0.854111660371826,"expectant","16–24"
98,0.841281059258403,0.82707565660902,0.854424322952618,"expectant","16–24"
99,0.841281059258403,0.82707565660902,0.854424322952618,"expectant","16–24"
100,0.842222525639542,0.828022852487845,0.855354261248762,"expectant","16–24"
101,0.842856633645754,0.828652011797244,0.855988097852181,"expectant","16–24"
102,0.842856633645754,0.828652011797244,0.855988097852181,"expectant","16–24"
103,0.843823960342327,0.829612275353878,0.856954521258825,"expectant","16–24"
104,0.844144236511048,0.829929546693692,0.857275047085194,"expectant","16–24"
105,0.844144236511048,0.829929546693692,0.857275047085194,"expectant","16–24"
106,0.844144236511048,0.829929546693692,0.857275047085194,"expectant","16–24"
107,0.844144236511048,0.829929546693692,0.857275047085194,"expectant","16–24"
108,0.844462924550659,0.830252695295429,0.857587617803249,"expectant","16–24"
109,0.844462924550659,0.830252695295429,0.857587617803249,"expectant","16–24"
110,0.844462924550659,0.830252695295429,0.857587617803249,"expectant","16–24"
111,0.844462924550659,0.830252695295429,0.857587617803249,"expectant","16–24"
112,0.844462924550659,0.830252695295429,0.857587617803249,"expectant","16–24"
113,0.844462924550659,0.830252695295429,0.857587617803249,"expectant","16–24"
114,0.845121692531541,0.830907177101525,0.858245235506746,"expectant","16–24"
115,0.845450038582581,0.831235519826058,0.858571175078463,"expectant","16–24"
116,0.845778768039201,0.831574905459821,0.85888840617234,"expectant","16–24"
117,0.845778768039201,0.831574905459821,0.85888840617234,"expectant","16–24"
118,0.846117056185882,0.83191404882316,0.859223468237039,"expectant","16–24"
119,0.846456396993941,0.832249205282837,0.859563855607375,"expectant","16–24"
120,0.846792388499213,0.83258417188511,0.85989821769191,"expectant","16–24"
0,0,0,0,"induced","16–24"
1,0,0,0,"induced","16–24"
2,0,0,0,"induced","16–24"
3,0,0,0,"induced","16–24"
4,0,0,0,"induced","16–24"
5,0,0,0,"induced","16–24"
6,0,0,0,"induced","16–24"
7,0,0,0,"induced","16–24"
8,0,0,0,"induced","16–24"
9,0,0,0,"induced","16–24"
10,0,0,0,"induced","16–24"
11,0,0,0,"induced","16–24"
12,0,0,0,"induced","16–24"
13,0,0,0,"induced","16–24"
14,0,0,0,"induced","16–24"
15,0,0,0,"induced","16–24"
16,0,0,0,"induced","16–24"
17,0,0,0,"induced","16–24"
18,0,0,0,"induced","16–24"
19,0,0,0,"induced","16–24"
20,0,0,0,"induced","16–24"
21,0,0,0,"induced","16–24"
22,0,0,0,"induced","16–24"
23,0,0,0,"induced","16–24"
24,0,0,0,"induced","16–24"
25,0.100609337540964,0.0865853096795718,0.115833004843992,"induced","16–24"
26,0.204045865248944,0.184011594453713,0.224838272380767,"induced","16–24"
27,0.275684060821946,0.252597009117067,0.299213213601363,"induced","16–24"
28,0.353020901238441,0.327603805481232,0.378511431296103,"induced","16–24"
29,0.415834717046995,0.388756815196546,0.44266930628466,"induced","16–24"
30,0.487854348062827,0.459409815609612,0.515661894626262,"induced","16–24"
31,0.54272934270341,0.513468093304886,0.571020652392933,"induced","16–24"
32,0.600312860747673,0.570577529660139,0.628699440950852,"induced","16–24"
33,0.649560455139441,0.619733198559693,0.677686356703008,"induced","16–24"
34,0.691366946187244,0.661623848226436,0.719073008806715,"induced","16–24"
35,0.72272426146891,0.693053881097173,0.750061299333776,"induced","16–24"
36,0.745464723544639,0.71572309109654,0.772603559529703,"induced","16–24"
37,0.760123746997873,0.730299266663911,0.787143514289548,"induced","16–24"
38,0.771638585487011,0.741592594309247,0.798676700378242,"induced","16–24"
39,0.779117984739952,0.748843445033817,0.806226073195576,"induced","16–24"
40,0.784288244044839,0.753745063412845,0.811526965373806,"induced","16–24"
41,0.787705522910869,0.756937803933008,0.815064214488864,"induced","16–24"
42,0.789640263016318,0.758730153731409,0.817077419122798,"induced","16–24"
43,0.790881696056884,0.759865139797753,0.818380430053457,"induced","16–24"
44,0.791755820297051,0.760649565271148,0.819309153127592,"induced","16–24"
45,0.792299901111814,0.761128419408198,0.819894421113894,"induced","16–24"
46,0.792588434724639,0.761376797305553,0.820209098110568,"induced","16–24"
47,0.792753278858269,0.761516065111815,0.820390920511366,"induced","16–24"
48,0.792870872063063,0.761613640220342,0.820522002753619,"induced","16–24"
49,0.792941310144178,0.761671388566662,0.820601063191268,"induced","16–24"
50,0.792993803300451,0.761713286241345,0.820660870540247,"induced","16–24"
51,0.793016521046183,0.761731351490533,0.820686805439581,"induced","16–24"
52,0.793029409669663,0.761741276395946,0.820701772681254,"induced","16–24"
53,0.793036778017184,0.761746847847417,0.820710409516025,"induced","16–24"
54,0.793039893331242,0.76174913174151,0.820714117210481,"induced","16–24"
55,0.793042990492448,0.761751352794335,0.820717842035415,"induced","16–24"
56,0.793045139574352,0.761752845852197,0.82072046426579,"induced","16–24"
57,0.793046192358803,0.7617535636677,0.820721759469007,"induced","16–24"
58,0.793046819491351,0.761753982354767,0.820722537975067,"induced","16–24"
59,0.793047242163468,0.761754260377296,0.820723065924793,"induced","16–24"
60,0.793047462811221,0.761754401637446,0.820723344562484,"induced","16–24"
61,0.793047602049057,0.761754483263418,0.82072352627263,"induced","16–24"
62,0.793047708502704,0.761754545722246,0.820723665157534,"induced","16–24"
63,0.793047746554576,0.761754567817772,0.820723714982171,"induced","16–24"
64,0.793047778825617,0.761754585997176,0.820723757675006,"induced","16–24"
65,0.793047816045988,0.761754606084046,0.8207238076044,"induced","16–24"
66,0.793047823023132,0.761754609801447,0.820723817001444,"induced","16–24"
67,0.793047834861532,0.761754616012728,0.820723833021022,"induced","16–24"
68,0.793047842948888,0.761754620155165,0.820723844043559,"induced","16–24"
69,0.793047844265448,0.761754620831177,0.820723845836652,"induced","16–24"
70,0.793047855499662,0.761754626633622,0.820723861110487,"induced","16–24"
71,0.793047860657567,0.761754629335371,0.820723868093591,"induced","16–24"
72,0.793047861379834,0.761754629710287,0.820723869074112,"induced","16–24"
73,0.793047866867259,0.761754632591674,0.820723876497838,"induced","16–24"
74,0.793047867712352,0.761754633026419,0.820723877648176,"induced","16–24"
75,0.793047868610019,0.761754633462169,0.820723878890446,"induced","16–24"
76,0.793047868831522,0.761754633552583,0.820723879210364,"induced","16–24"
77,0.793047869245932,0.761754633741888,0.820723879793136,"induced","16–24"
78,0.793047869597737,0.761754633892357,0.820723880295878,"induced","16–24"
79,0.7930478697563,0.761754633963845,0.820723880519601,"induced","16–24"
80,0.793047869907276,0.761754634027343,0.820723880736192,"induced","16–24"
81,0.793047870037039,0.761754634084115,0.820723880920633,"induced","16–24"
82,0.793047870251584,0.761754634166432,0.820723881234613,"induced","16–24"
83,0.793047870423722,0.761754634238841,0.820723881481555,"induced","16–24"
84,0.793047870423722,0.761754634238841,0.820723881481555,"induced","16–24"
85,0.793047870577016,0.761754634302278,0.820723881702282,"induced","16–24"
86,0.793047870736076,0.761754634364188,0.820723881934373,"induced","16–24"
87,0.79304787086065,0.761754634412174,0.820723882116535,"induced","16–24"
88,0.79304787086065,0.761754634412174,0.820723882116535,"induced","16–24"
89,0.79304787086065,0.761754634412174,0.820723882116535,"induced","16–24"
90,0.793047870930646,0.761754634439007,0.82072388221899,"induced","16–24"
91,0.793047870962355,0.761754634450468,0.820723882265947,"induced","16–24"
92,0.793047871046187,0.761754634484332,0.820723882387305,"induced","16–24"
93,0.793047871092208,0.761754634503355,0.820723882453586,"induced","16–24"
94,0.793047871147921,0.761754634526293,0.820723882533899,"induced","16–24"
95,0.793047871179591,0.761754634539287,0.820723882579588,"induced","16–24"
96,0.793047871203731,0.761754634549513,0.820723882614162,"induced","16–24"
97,0.793047871203731,0.761754634549513,0.820723882614162,"induced","16–24"
98,0.793047871207192,0.761754634550601,0.820723882619414,"induced","16–24"
99,0.793047871207192,0.761754634550601,0.820723882619414,"induced","16–24"
100,0.793047871215257,0.761754634553114,0.820723882631671,"induced","16–24"
101,0.793047871219083,0.761754634554418,0.8207238826374,"induced","16–24"
102,0.793047871219083,0.761754634554418,0.8207238826374,"induced","16–24"
103,0.793047871221899,0.761754634555179,0.820723882641772,"induced","16–24"
104,0.793047871222461,0.761754634555364,0.820723882642617,"induced","16–24"
105,0.793047871222461,0.761754634555364,0.820723882642617,"induced","16–24"
106,0.793047871222461,0.761754634555364,0.820723882642617,"induced","16–24"
107,0.793047871222461,0.761754634555364,0.820723882642617,"induced","16–24"
108,0.793047871222914,0.761754634555494,0.820723882643315,"induced","16–24"
109,0.793047871222914,0.761754634555494,0.820723882643315,"induced","16–24"
110,0.793047871222914,0.761754634555494,0.820723882643315,"induced","16–24"
111,0.793047871222914,0.761754634555494,0.820723882643315,"induced","16–24"
112,0.793047871222914,0.761754634555494,0.820723882643315,"induced","16–24"
113,0.793047871222914,0.761754634555494,0.820723882643315,"induced","16–24"
114,0.793047871223307,0.761754634555607,0.820723882643918,"induced","16–24"
115,0.793047871223434,0.761754634555646,0.820723882644112,"induced","16–24"
116,0.793047871223527,0.761754634555671,0.820723882644256,"induced","16–24"
117,0.793047871223527,0.761754634555671,0.820723882644256,"induced","16–24"
118,0.793047871223594,0.761754634555694,0.820723882644357,"induced","16–24"
119,0.793047871223638,0.76175463455571,0.820723882644423,"induced","16–24"
120,0.793047871223665,0.76175463455572,0.820723882644463,"induced","16–24"
0,0,0,0,"expectant","24–32"
1,0,0,0,"expectant","24–32"
2,0,0,0,"expectant","24–32"
3,0,0,0,"expectant","24–32"
4,0,0,0,"expectant","24–32"
5,0,0,0,"expectant","24–32"
6,0,0,0,"expectant","24–32"
7,0,0,0,"expectant","24–32"
8,0,0,0,"expectant","24–32"
9,0,0,0,"expectant","24–32"
10,0,0,0,"expectant","24–32"
11,0,0,0,"expectant","24–32"
12,0,0,0,"expectant","24–32"
13,0,0,0,"expectant","24–32"
14,0,0,0,"expectant","24–32"
15,0,0,0,"expectant","24–32"
16,0,0,0,"expectant","24–32"
17,0,0,0,"expectant","24–32"
18,0,0,0,"expectant","24–32"
19,0,0,0,"expectant","24–32"
20,0,0,0,"expectant","24–32"
21,0,0,0,"expectant","24–32"
22,0,0,0,"expectant","24–32"
23,0,0,0,"expectant","24–32"
24,0,0,0,"expectant","24–32"
25,0,0,0,"expectant","24–32"
26,0,0,0,"expectant","24–32"
27,0,0,0,"expectant","24–32"
28,0,0,0,"expectant","24–32"
29,0,0,0,"expectant","24–32"
30,0,0,0,"expectant","24–32"
31,0,0,0,"expectant","24–32"
32,0,0,0,"expectant","24–32"
33,0.0260563012989629,0.02198588820252,0.0306477834296656,"expectant","24–32"
34,0.0554597406008517,0.0489612145123322,0.0624981860674293,"expectant","24–32"
35,0.085320988454347,0.0768202981563013,0.0943564775670732,"expectant","24–32"
36,0.115572697082255,0.105231421673415,0.126435851518507,"expectant","24–32"
37,0.144382749078972,0.132334703688896,0.156937420155621,"expectant","24–32"
38,0.176336272558233,0.162465759752708,0.190685419216938,"expectant","24–32"
39,0.207890004582072,0.192384000644605,0.223828332034378,"expectant","24–32"
40,0.239903855954446,0.222661705043938,0.257525692974598,"expectant","24–32"
41,0.273155590455737,0.254148459727199,0.292471494633394,"expectant","24–32"
42,0.302626528508774,0.282442358602904,0.323033469496295,"expectant","24–32"
43,0.331089293212726,0.30975846750982,0.352552366352224,"expectant","24–32"
44,0.363083092990862,0.340668610633968,0.385515949355821,"expectant","24–32"
45,0.395059596727463,0.371552694401227,0.41846007164292,"expectant","24–32"
46,0.420883871749628,0.396565515997271,0.44498606959865,"expectant","24–32"
47,0.445845718465352,0.420709893864013,0.470649243995329,"expectant","24–32"
48,0.473801268791419,0.448024888865686,0.499111651913376,"expectant","24–32"
49,0.499654194363452,0.473581720392762,0.525140271577325,"expectant","24–32"
50,0.530593462288562,0.504114092137353,0.556330983737419,"expectant","24–32"
51,0.552846816426829,0.526146577996896,0.578689670559687,"expectant","24–32"
52,0.573897235054052,0.547004295852248,0.599817857471326,"expectant","24–32"
53,0.592256678040293,0.565408895141418,0.618042222535781,"expectant","24–32"
54,0.604193081096558,0.577484363627741,0.629788050706377,"expectant","24–32"
55,0.621338221565179,0.594515171848464,0.646944156733567,"expectant","24–32"
56,0.640371350765579,0.613411498718184,0.665990213942074,"expectant","24–32"
57,0.654783242702075,0.62797193536534,0.680179032341509,"expectant","24–32"
58,0.667352693913782,0.64055907088752,0.692650937849998,"expectant","24–32"
59,0.679305533332324,0.652490850231103,0.704540595795295,"expectant","24–32"
60,0.688492781846904,0.661891327732835,0.713473811029724,"expectant","24–32"
61,0.696235061174848,0.669586895543397,0.721199979500181,"expectant","24–32"
62,0.706322903868735,0.679940495245007,0.730977813607312,"expectant","24–32"
63,0.711107799714781,0.684860177958611,0.735607547572568,"expectant","24–32"
64,0.71678854453366,0.690654462437731,0.741144030598742,"expectant","24–32"
65,0.726652030914105,0.700613198487237,0.750843171426226,"expectant","24–32"
66,0.729113367592849,0.70308856309033,0.753271329723619,"expectant","24–32"
67,0.734034400681667,0.708081638071012,0.758087439660087,"expectant","24–32"
68,0.738147553891237,0.712332722696205,0.762045643200206,"expectant","24–32"
69,0.738973456758384,0.713162627003141,0.762860694175222,"expectant","24–32"
70,0.747251232601677,0.72167991333623,0.770857946033842,"expectant","24–32"
71,0.752306254074046,0.726838443936957,0.775777139120869,"expectant","24–32"
72,0.75314768450101,0.727708216506997,0.776586437299425,"expectant","24–32"
73,0.760739063484831,0.735450452471923,0.78397572180496,"expectant","24–32"
74,0.762427304472439,0.737185646895065,0.785607395075689,"expectant","24–32"
75,0.764971072554992,0.739732036935486,0.788123088338708,"expectant","24–32"
76,0.765811420485997,0.740577478479429,0.788950507473968,"expectant","24–32"
77,0.767492798167072,0.742288949069933,0.790589169763122,"expectant","24–32"
78,0.769184611282837,0.744034665080478,0.792218050305673,"expectant","24–32"
79,0.770026073120285,0.744888245836547,0.793040491739307,"expectant","24–32"
80,0.7708669709897,0.745767110211533,0.793840683677385,"expectant","24–32"
81,0.771713806410554,0.746618928272211,0.794674352650641,"expectant","24–32"
82,0.773405623249184,0.748364448945598,0.796303143245133,"expectant","24–32"
83,0.775104138379913,0.750060507570536,0.797985351287534,"expectant","24–32"
84,0.775104138379913,0.750060507570536,0.797985351287534,"expectant","24–32"
85,0.776797839958198,0.751781969150896,0.799637375116514,"expectant","24–32"
86,0.779325558314797,0.754335813091677,0.802115316105119,"expectant","24–32"
87,0.781845886000701,0.756905961997353,0.804565852112937,"expectant","24–32"
88,0.781845886000701,0.756905961997353,0.804565852112937,"expectant","24–32"
89,0.781845886000701,0.756905961997353,0.804565852112937,"expectant","24–32"
90,0.783522227531509,0.758657732243992,0.80616052364408,"expectant","24–32"
91,0.784367559305576,0.759540768064297,0.806964920751395,"expectant","24–32"
92,0.786966530788271,0.762367751946638,0.809345187896157,"expectant","24–32"
93,0.78871072783926,0.764144009029368,0.811042659166274,"expectant","24–32"
94,0.791318413162085,0.766852742406463,0.813536332954575,"expectant","24–32"
95,0.793100665292205,0.768706464218199,0.815238539301494,"expectant","24–32"
96,0.794861992936584,0.770527816917197,0.816929372395472,"expectant","24–32"
97,0.794861992936584,0.770527816917197,0.816929372395472,"expectant","24–32"
98,0.795745890628517,0.771409133593429,0.81780471342901,"expectant","24–32"
99,0.795745890628517,0.771409133593429,0.81780471342901,"expectant","24–32"
100,0.798381381209087,0.774154313944108,0.820318003370964,"expectant","24–32"
101,0.800162696678713,0.775945505136314,0.822069177959958,"expectant","24–32"
102,0.800162696678713,0.775945505136314,0.822069177959958,"expectant","24–32"
103,0.802871778934583,0.778778215036819,0.824643197353675,"expectant","24–32"
104,0.803771226021475,0.779684499743686,0.825525654425286,"expectant","24–32"
105,0.803771226021475,0.779684499743686,0.825525654425286,"expectant","24–32"
106,0.803771226021475,0.779684499743686,0.825525654425286,"expectant","24–32"
107,0.803771226021475,0.779684499743686,0.825525654425286,"expectant","24–32"
108,0.804666528852839,0.780647567544455,0.826354280398329,"expectant","24–32"
109,0.804666528852839,0.780647567544455,0.826354280398329,"expectant","24–32"
110,0.804666528852839,0.780647567544455,0.826354280398329,"expectant","24–32"
111,0.804666528852839,0.780647567544455,0.826354280398329,"expectant","24–32"
112,0.804666528852839,0.780647567544455,0.826354280398329,"expectant","24–32"
113,0.804666528852839,0.780647567544455,0.826354280398329,"expectant","24–32"
114,0.806493045008474,0.782512978472964,0.828125649713276,"expectant","24–32"
115,0.807403197320598,0.78345407544362,0.828998828342339,"expectant","24–32"
116,0.8083137292564,0.784475609685563,0.829807272422047,"expectant","24–32"
117,0.8083137292564,0.784475609685563,0.829807272422047,"expectant","24–32"
118,0.809259153814338,0.785458562276932,0.830709878313084,"expectant","24–32"
119,0.810206386439876,0.78641298919108,0.831638842067064,"expectant","24–32"
120,0.811144952780138,0.787378134184753,0.832543450179878,"expectant","24–32"
0,0,0,0,"induced","24–32"
1,0,0,0,"induced","24–32"
2,0,0,0,"induced","24–32"
3,0,0,0,"induced","24–32"
4,0,0,0,"induced","24–32"
5,0,0,0,"induced","24–32"
6,0,0,0,"induced","24–32"
7,0,0,0,"induced","24–32"
8,0,0,0,"induced","24–32"
9,0,0,0,"induced","24–32"
10,0,0,0,"induced","24–32"
11,0,0,0,"induced","24–32"
12,0,0,0,"induced","24–32"
13,0,0,0,"induced","24–32"
14,0,0,0,"induced","24–32"
15,0,0,0,"induced","24–32"
16,0,0,0,"induced","24–32"
17,0,0,0,"induced","24–32"
18,0,0,0,"induced","24–32"
19,0,0,0,"induced","24–32"
20,0,0,0,"induced","24–32"
21,0,0,0,"induced","24–32"
22,0,0,0,"induced","24–32"
23,0,0,0,"induced","24–32"
24,0,0,0,"induced","24–32"
25,0,0,0,"induced","24–32"
26,0,0,0,"induced","24–32"
27,0,0,0,"induced","24–32"
28,0,0,0,"induced","24–32"
29,0,0,0,"induced","24–32"
30,0,0,0,"induced","24–32"
31,0,0,0,"induced","24–32"
32,0,0,0,"induced","24–32"
33,0.0779645930470446,0.0670736667463477,0.089867760719991,"induced","24–32"
34,0.160217843570402,0.144951017915505,0.176175540871871,"induced","24–32"
35,0.237796621349196,0.21987560307359,0.256138016938845,"induced","24–32"
36,0.310151011513009,0.290396290510124,0.330091289132011,"induced","24–32"
37,0.373301153499577,0.352384723007412,0.394200508519468,"induced","24–32"
38,0.436951974828276,0.415268587118813,0.458414276336514,"induced","24–32"
39,0.493676854190527,0.471521136142343,0.51542608278876,"induced","24–32"
40,0.545048087456742,0.522785046687997,0.566737452210557,"induced","24–32"
41,0.592443884359462,0.570263415463337,0.613893569158822,"induced","24–32"
42,0.629852216708696,0.607829857566668,0.651014042703856,"induced","24–32"
43,0.66196627213577,0.640185887232379,0.68277198279758,"induced","24–32"
44,0.693542575621301,0.672081978945507,0.713911242176767,"induced","24–32"
45,0.720727392554869,0.699520780536745,0.740725791039286,"induced","24–32"
46,0.739680989884546,0.718721879411089,0.759349295671606,"induced","24–32"
47,0.755423955532407,0.734651208976654,0.774827999491526,"induced","24–32"
48,0.770530060040115,0.749932101305904,0.789676500630996,"induced","24–32"
49,0.782464258229661,0.761967678800782,0.801432322646781,"induced","24–32"
50,0.794280270207604,0.773842845297734,0.813099582643131,"induced","24–32"
51,0.801314135434315,0.780886964078817,0.820061720683585,"induced","24–32"
52,0.806809187222998,0.786359360477473,0.825523780835034,"induced","24–32"
53,0.810841618190811,0.790348829126779,0.829552174899682,"induced","24–32"
54,0.813053346109634,0.792524063091003,0.831771673856938,"induced","24–32"
55,0.815765185445993,0.795182018291083,0.83449976068056,"induced","24–32"
56,0.818195769340405,0.797549161484532,0.836956541299371,"induced","24–32"
57,0.8196916694195,0.798998619866794,0.838474194239039,"induced","24–32"
58,0.820779842868857,0.800046175161608,0.839583568928512,"induced","24–32"
59,0.821648068169898,0.80088051916306,0.84046975675422,"induced","24–32"
60,0.822203570510015,0.801405334910258,0.841044066097026,"induced","24–32"
61,0.822592446725153,0.80177407581651,0.841444958725322,"induced","24–32"
62,0.82300601028962,0.802159521984933,0.841876755820848,"induced","24–32"
63,0.823177017347686,0.802316998068967,0.842056848263657,"induced","24–32"
64,0.823350939269777,0.802477548729586,0.842239681146474,"induced","24–32"
65,0.823596969600374,0.802703043947139,0.842499626712642,"induced","24–32"
66,0.823649524490953,0.802751240075058,0.842555128684664,"induced","24–32"
67,0.82374551780138,0.802838536111158,0.842657104643143,"induced","24–32"
68,0.823817122394309,0.80290263020109,0.842734006580493,"induced","24–32"
69,0.823830095045641,0.80291445463696,0.842747764913001,"induced","24–32"
70,0.82394761794417,0.803020734240562,0.842873090869076,"induced","24–32"
71,0.824008492733321,0.803076073089048,0.842937770012464,"induced","24–32"
72,0.824017678714947,0.803084397364509,0.842947551488086,"induced","24–32"
73,0.824091824354195,0.803151757276344,0.84302636387252,"induced","24–32"
74,0.824105368463581,0.8031640479353,0.84304077160552,"induced","24–32"
75,0.824122765224682,0.803179887202883,0.843059234624254,"induced","24–32"
76,0.824127761454141,0.803184074738871,0.843064832519023,"induced","24–32"
77,0.824137339567993,0.803192611428711,0.843075147972971,"induced","24–32"
78,0.824146199615065,0.803200290099088,0.843084868292379,"induced","24–32"
79,0.824150339624868,0.803203984693902,0.843089323113944,"induced","24–32"
80,0.824154350475645,0.803207408754517,0.843093765885123,"induced","24–32"
81,0.824158099279127,0.803210758025129,0.843097796637954,"induced","24–32"
82,0.824164918216312,0.803216458603918,0.843105448565935,"induced","24–32"
83,0.82417101978371,0.803221928072578,0.843111994136777,"induced","24–32"
84,0.82417101978371,0.803221928072578,0.843111994136777,"induced","24–32"
85,0.824176679949566,0.803226911398175,0.843118140128266,"induced","24–32"
86,0.824183730230765,0.803233080699604,0.843125826520999,"induced","24–32"
87,0.824189834650876,0.803238385126137,0.84313251210619,"induced","24–32"
88,0.824189834650876,0.803238385126137,0.84313251210619,"induced","24–32"
89,0.824189834650876,0.803238385126137,0.84313251210619,"induced","24–32"
90,0.824193480690113,0.803241530564252,0.843136523876734,"induced","24–32"
91,0.824195199764403,0.803242958092165,0.84313846076954,"induced","24–32"
92,0.824200007977615,0.803247174920068,0.84314369505037,"induced","24–32"
93,0.824202849014916,0.803249690771444,0.843146768013777,"induced","24–32"
94,0.824206558023413,0.803252930288633,0.843150816547758,"induced","24–32"
95,0.824208815719184,0.803254890387021,0.843153290569244,"induced","24–32"
96,0.82421071039489,0.803256552007553,0.843155353141931,"induced","24–32"
97,0.82421071039489,0.803256552007553,0.843155353141931,"induced","24–32"
98,0.824211290280645,0.803257060391803,0.843155984554989,"induced","24–32"
99,0.824211290280645,0.803257060391803,0.843155984554989,"induced","24–32"
100,0.824212763344791,0.803258300639847,0.843157630348737,"induced","24–32"
101,0.824213560971069,0.803258999890654,0.843158498870545,"induced","24–32"
102,0.824213560971069,0.803258999890654,0.843158498870545,"induced","24–32"
103,0.824214408420503,0.803259689865424,0.843159464928296,"induced","24–32"
104,0.82421461568402,0.80325987208717,0.843159690187913,"induced","24–32"
105,0.82421461568402,0.80325987208717,0.843159690187913,"induced","24–32"
106,0.82421461568402,0.80325987208717,0.843159690187913,"induced","24–32"
107,0.82421461568402,0.80325987208717,0.843159690187913,"induced","24–32"
108,0.824214796587393,0.803260019838024,0.843159896031589,"induced","24–32"
109,0.824214796587393,0.803260019838024,0.843159896031589,"induced","24–32"
110,0.824214796587393,0.803260019838024,0.843159896031589,"induced","24–32"
111,0.824214796587393,0.803260019838024,0.843159896031589,"induced","24–32"
112,0.824214796587393,0.803260019838024,0.843159896031589,"induced","24–32"
113,0.824214796587393,0.803260019838024,0.843159896031589,"induced","24–32"
114,0.824215042861119,0.80326023176838,0.843160167439006,"induced","24–32"
115,0.824215137200009,0.803260313327192,0.843160271098658,"induced","24–32"
116,0.824215214960924,0.803260375967509,0.843160360291267,"induced","24–32"
117,0.824215214960924,0.803260375967509,0.843160360291267,"induced","24–32"
118,0.824215280162827,0.803260433763537,0.843160430768727,"induced","24–32"
119,0.824215331046788,0.803260480409988,0.843160484509274,"induced","24–32"
120,0.82421536896512,0.803260515093164,0.843160524619576,"induced","24–32"
0,0,0,0,"expectant","32-36"
1,0,0,0,"expectant","32-36"
2,0,0,0,"expectant","32-36"
3,0,0,0,"expectant","32-36"
4,0,0,0,"expectant","32-36"
5,0,0,0,"expectant","32-36"
6,0,0,0,"expectant","32-36"
7,0,0,0,"expectant","32-36"
8,0,0,0,"expectant","32-36"
9,0,0,0,"expectant","32-36"
10,0,0,0,"expectant","32-36"
11,0,0,0,"expectant","32-36"
12,0,0,0,"expectant","32-36"
13,0,0,0,"expectant","32-36"
14,0,0,0,"expectant","32-36"
15,0,0,0,"expectant","32-36"
16,0,0,0,"expectant","32-36"
17,0,0,0,"expectant","32-36"
18,0,0,0,"expectant","32-36"
19,0,0,0,"expectant","32-36"
20,0,0,0,"expectant","32-36"
21,0,0,0,"expectant","32-36"
22,0,0,0,"expectant","32-36"
23,0,0,0,"expectant","32-36"
24,0,0,0,"expectant","32-36"
25,0,0,0,"expectant","32-36"
26,0,0,0,"expectant","32-36"
27,0,0,0,"expectant","32-36"
28,0,0,0,"expectant","32-36"
29,0,0,0,"expectant","32-36"
30,0,0,0,"expectant","32-36"
31,0,0,0,"expectant","32-36"
32,0,0,0,"expectant","32-36"
33,0,0,0,"expectant","32-36"
34,0,0,0,"expectant","32-36"
35,0,0,0,"expectant","32-36"
36,0,0,0,"expectant","32-36"
37,0.0161008829609111,0.0110061576773149,0.0228100202048941,"expectant","32-36"
38,0.0380090356883588,0.029351573464673,0.0482968614549151,"expectant","32-36"
39,0.0590494327268864,0.0478471001386961,0.0718213055087235,"expectant","32-36"
40,0.0878783850583185,0.0733001300934339,0.104037800193642,"expectant","32-36"
41,0.120581222521899,0.102783110815439,0.139884322557939,"expectant","32-36"
42,0.143304518321551,0.123578389186003,0.164445375381225,"expectant","32-36"
43,0.17044763075555,0.148930714130749,0.193216622431738,"expectant","32-36"
44,0.199751621751018,0.176446280395773,0.2241377970338,"expectant","32-36"
45,0.233469662746257,0.20789533666798,0.259952829325519,"expectant","32-36"
46,0.264058262961773,0.236549348646602,0.292301926220064,"expectant","32-36"
47,0.295317158590874,0.266240329269726,0.324920998604097,"expectant","32-36"
48,0.328008062723997,0.297084586407158,0.359236502648927,"expectant","32-36"
49,0.355282098202182,0.323299884616642,0.387363444383485,"expectant","32-36"
50,0.391130703296338,0.357218957159271,0.424853505316237,"expectant","32-36"
51,0.418720195237182,0.383758216417308,0.453255303168235,"expectant","32-36"
52,0.445726710930513,0.409954992206313,0.480831029091951,"expectant","32-36"
53,0.467472989015224,0.431473375051744,0.502621500059264,"expectant","32-36"
54,0.481457805019585,0.445156469897266,0.516780449728855,"expectant","32-36"
55,0.505745111875465,0.468885043011281,0.541393801767455,"expectant","32-36"
56,0.535663253241201,0.498791046442595,0.571069932743958,"expectant","32-36"
57,0.55473261256564,0.517693381733872,0.59012607613157,"expectant","32-36"
58,0.574186977592152,0.536813508867942,0.609706621955376,"expectant","32-36"
59,0.593928566175936,0.556647364458256,0.629176868769158,"expectant","32-36"
60,0.606687645219106,0.569466789641561,0.641756068102725,"expectant","32-36"
61,0.619878929711647,0.582858941855767,0.654635456092982,"expectant","32-36"
62,0.633369501658095,0.596215827370575,0.668100719041986,"expectant","32-36"
63,0.640215940385292,0.603373889237929,0.674600767077953,"expectant","32-36"
64,0.648469830850901,0.611567204658156,0.682815659694456,"expectant","32-36"
65,0.665179097146477,0.628678247254413,0.698985927312158,"expectant","32-36"
66,0.669419075927797,0.632934493696611,0.703161574623576,"expectant","32-36"
67,0.677927140071517,0.641568501824578,0.711458732791536,"expectant","32-36"
68,0.685037950032355,0.648942334809862,0.718257712440729,"expectant","32-36"
69,0.686465891724977,0.65037425533068,0.719664280918135,"expectant","32-36"
70,0.699321961054001,0.66337611701222,0.73223062967492,"expectant","32-36"
71,0.707890168923226,0.672098643986668,0.74055364464656,"expectant","32-36"
72,0.709316317490221,0.673572603911747,0.741920253996182,"expectant","32-36"
73,0.72223945040636,0.686837534747504,0.754376496810791,"expectant","32-36"
74,0.725155219562736,0.689842278731267,0.757176224027093,"expectant","32-36"
75,0.729546708914499,0.694220137751689,0.761513246028522,"expectant","32-36"
76,0.730996735374668,0.695665778552583,0.762944814891693,"expectant","32-36"
77,0.733897547858527,0.698615372709408,0.765761183876159,"expectant","32-36"
78,0.736814963432439,0.701629903808597,0.768554030133329,"expectant","32-36"
79,0.738266467673888,0.703099302145532,0.769968147569718,"expectant","32-36"
80,0.739716988403079,0.704620264389613,0.771338489401547,"expectant","32-36"
81,0.741177620814998,0.70608192708984,0.772775004236881,"expectant","32-36"
82,0.744094475009856,0.709089041673701,0.775571784112391,"expectant","32-36"
83,0.747021989719462,0.711998888377112,0.778465639247008,"expectant","32-36"
84,0.747021989719462,0.711998888377112,0.778465639247008,"expectant","32-36"
85,0.749940706648852,0.714957140160713,0.781303913623815,"expectant","32-36"
86,0.754292449758002,0.719334781868147,0.785560851994866,"expectant","32-36"
87,0.75863066430332,0.72375131696337,0.789760862571203,"expectant","32-36"
88,0.75863066430332,0.72375131696337,0.789760862571203,"expectant","32-36"
89,0.75863066430332,0.72375131696337,0.789760862571203,"expectant","32-36"
90,0.761516188739875,0.726762414240185,0.792495219129925,"expectant","32-36"
91,0.762971152579126,0.728283047830671,0.793871943672132,"expectant","32-36"
92,0.767445630454375,0.733158227437085,0.797947989549067,"expectant","32-36"
93,0.770448773175642,0.736199855376191,0.800865681113375,"expectant","32-36"
94,0.774938766714309,0.740847429831576,0.805147624213741,"expectant","32-36"
95,0.778003747384492,0.744025564944206,0.808065393134015,"expectant","32-36"
96,0.781035726902987,0.747145534362724,0.810969770718072,"expectant","32-36"
97,0.781035726902987,0.747145534362724,0.810969770718072,"expectant","32-36"
98,0.782545731476901,0.74865001829891,0.812454351578274,"expectant","32-36"
99,0.782545731476901,0.74865001829891,0.812454351578274,"expectant","32-36"
100,0.787051610266467,0.753317987403795,0.816744004595222,"expectant","32-36"
101,0.790094582847526,0.756333757124567,0.819745476244727,"expectant","32-36"
102,0.790094582847526,0.756333757124567,0.819745476244727,"expectant","32-36"
103,0.794699719021077,0.761110224872344,0.82412172299786,"expectant","32-36"
104,0.796230701132219,0.762626739403766,0.825630876955137,"expectant","32-36"
105,0.796230701132219,0.762626739403766,0.825630876955137,"expectant","32-36"
106,0.796230701132219,0.762626739403766,0.825630876955137,"expectant","32-36"
107,0.796230701132219,0.762626739403766,0.825630876955137,"expectant","32-36"
108,0.797754997007467,0.764287949205854,0.827017368550983,"expectant","32-36"
109,0.797754997007467,0.764287949205854,0.827017368550983,"expectant","32-36"
110,0.797754997007467,0.764287949205854,0.827017368550983,"expectant","32-36"
111,0.797754997007467,0.764287949205854,0.827017368550983,"expectant","32-36"
112,0.797754997007467,0.764287949205854,0.827017368550983,"expectant","32-36"
113,0.797754997007467,0.764287949205854,0.827017368550983,"expectant","32-36"
114,0.800850979017523,0.76740701087914,0.830027629199495,"expectant","32-36"
115,0.802394496275461,0.768984794758855,0.83151054665665,"expectant","32-36"
116,0.803939052437929,0.77075812317313,0.832846634533118,"expectant","32-36"
117,0.803939052437929,0.77075812317313,0.832846634533118,"expectant","32-36"
118,0.805895015324933,0.772743602091132,0.834735863351065,"expectant","32-36"
119,0.807856073518575,0.774660762593494,0.836684867465785,"expectant","32-36"
120,0.809797668600302,0.776617669381435,0.838569387124649,"expectant","32-36"
0,0,0,0,"induced","32-36"
1,0,0,0,"induced","32-36"
2,0,0,0,"induced","32-36"
3,0,0,0,"induced","32-36"
4,0,0,0,"induced","32-36"
5,0,0,0,"induced","32-36"
6,0,0,0,"induced","32-36"
7,0,0,0,"induced","32-36"
8,0,0,0,"induced","32-36"
9,0,0,0,"induced","32-36"
10,0,0,0,"induced","32-36"
11,0,0,0,"induced","32-36"
12,0,0,0,"induced","32-36"
13,0,0,0,"induced","32-36"
14,0,0,0,"induced","32-36"
15,0,0,0,"induced","32-36"
16,0,0,0,"induced","32-36"
17,0,0,0,"induced","32-36"
18,0,0,0,"induced","32-36"
19,0,0,0,"induced","32-36"
20,0,0,0,"induced","32-36"
21,0,0,0,"induced","32-36"
22,0,0,0,"induced","32-36"
23,0,0,0,"induced","32-36"
24,0,0,0,"induced","32-36"
25,0,0,0,"induced","32-36"
26,0,0,0,"induced","32-36"
27,0,0,0,"induced","32-36"
28,0,0,0,"induced","32-36"
29,0,0,0,"induced","32-36"
30,0,0,0,"induced","32-36"
31,0,0,0,"induced","32-36"
32,0,0,0,"induced","32-36"
33,0,0,0,"induced","32-36"
34,0,0,0,"induced","32-36"
35,0,0,0,"induced","32-36"
36,0,0,0,"induced","32-36"
37,0.042393736596904,0.0293797530345172,0.0588843793460168,"induced","32-36"
38,0.0977059774080566,0.0772702886311711,0.120917809920803,"induced","32-36"
39,0.148367598534184,0.123043361378716,0.175937940422805,"induced","32-36"
40,0.21388718701574,0.183929078894199,0.245402349798343,"induced","32-36"
41,0.28303139487229,0.249154760702473,0.317775959457145,"induced","32-36"
42,0.328050474438682,0.291991311424452,0.364525502591312,"induced","32-36"
43,0.378738915958883,0.340480026177226,0.416885720898358,"induced","32-36"
44,0.42962600107724,0.389264414960007,0.469306160823512,"induced","32-36"
45,0.483570378475327,0.441397254513185,0.524406194316178,"induced","32-36"
46,0.528265690306742,0.485313985485183,0.56932713442563,"induced","32-36"
47,0.569834756517749,0.526097161662424,0.611110000299836,"induced","32-36"
48,0.609119041651593,0.565025318514627,0.650190966120034,"induced","32-36"
49,0.63873228313998,0.594551516927069,0.679449002835208,"induced","32-36"
50,0.673420336538768,0.629245788269974,0.71356968980214,"induced","32-36"
51,0.697186869076917,0.653165802476105,0.736779256029624,"induced","32-36"
52,0.7177302153807,0.673997825853825,0.756681922221284,"induced","32-36"
53,0.73266601183782,0.689206549508736,0.771080739404559,"induced","32-36"
54,0.741273826614085,0.697946143257282,0.779389730461136,"induced","32-36"
55,0.754826289114128,0.711744102814495,0.792426417471395,"induced","32-36"
56,0.769235376760945,0.726340778020327,0.806317905122047,"induced","32-36"
57,0.777140483369923,0.73438700290648,0.813897708004269,"induced","32-36"
58,0.784247183848123,0.741585655309455,0.820729165450243,"induced","32-36"
59,0.790534514546951,0.747984925960016,0.826743181518419,"induced","32-36"
60,0.794102341834412,0.751581300219218,0.830177867758753,"induced","32-36"
61,0.797310364361266,0.754776877601769,0.833291088261464,"induced","32-36"
62,0.800115835514792,0.757539920227301,0.836033933657423,"induced","32-36"
63,0.801412090821406,0.758784006309628,0.83732358027065,"induced","32-36"
64,0.802825888638161,0.760162878856159,0.838713895198151,"induced","32-36"
65,0.805256710816467,0.762490872984205,0.841132872787767,"induced","32-36"
66,0.805801623862501,0.763013241960106,0.841674450474409,"induced","32-36"
67,0.80681810854558,0.763980411610437,0.842689485649486,"induced","32-36"
68,0.807592914304368,0.764709705739086,0.843468432843302,"induced","32-36"
69,0.807735888056557,0.764845354967423,0.843611388848137,"induced","32-36"
70,0.808932190555025,0.765980938038338,0.844806789581457,"induced","32-36"
71,0.809638110429225,0.766655174351775,0.845508988399236,"induced","32-36"
72,0.809746950876,0.766758565089994,0.84561762913976,"induced","32-36"
73,0.810651637784267,0.767628973388701,0.846512791681149,"induced","32-36"
74,0.810826220145175,0.767793926302259,0.846687590789574,"induced","32-36"
75,0.811056994726089,0.768013972823115,0.846917240806118,"induced","32-36"
76,0.811125006471661,0.768073999391916,0.846988264272224,"induced","32-36"
77,0.811256611512862,0.768195208448291,0.847122180331149,"induced","32-36"
78,0.811380265008437,0.768306351860256,0.847249898154869,"induced","32-36"
79,0.81143888735005,0.768360499593626,0.847309434081653,"induced","32-36"
80,0.811496077010157,0.768411681664287,0.847368651812231,"induced","32-36"
81,0.811550276024196,0.768462038461699,0.847423487564682,"induced","32-36"
82,0.811650631887672,0.768549510791728,0.847529016385544,"induced","32-36"
83,0.811742491635542,0.768635509100555,0.847621495072699,"induced","32-36"
84,0.811742491635542,0.768635509100555,0.847621495072699,"induced","32-36"
85,0.811829112654814,0.768714108327317,0.847710423728082,"induced","32-36"
86,0.811940749422908,0.768814714430839,0.847825507029773,"induced","32-36"
87,0.812040497561667,0.768903839428414,0.847928858940001,"induced","32-36"
88,0.812040497561667,0.768903839428414,0.847928858940001,"induced","32-36"
89,0.812040497561667,0.768903839428414,0.847928858940001,"induced","32-36"
90,0.812101612105322,0.76895975076206,0.847991274615231,"induced","32-36"
91,0.812130889910279,0.768985217413081,0.8480220874302,"induced","32-36"
92,0.812214667344191,0.769062109152292,0.848107472326755,"induced","32-36"
93,0.812265725674085,0.769109215425521,0.84815933921773,"induced","32-36"
94,0.812334625860902,0.769172660295442,0.848229412734742,"induced","32-36"
95,0.812377741311089,0.769212114655751,0.848273432089659,"induced","32-36"
96,0.812415517304172,0.769247279625808,0.84831158652841,"induced","32-36"
97,0.812415517304172,0.769247279625808,0.84831158652841,"induced","32-36"
98,0.812428084470965,0.769258458863746,0.848324638522911,"induced","32-36"
99,0.812428084470965,0.769258458863746,0.848324638522911,"induced","32-36"
100,0.812461418815413,0.769287990205932,0.848359342366258,"induced","32-36"
101,0.812480585166303,0.769305907268993,0.848378647720826,"induced","32-36"
102,0.812480585166303,0.769305907268993,0.848378647720826,"induced","32-36"
103,0.812502686560507,0.769325066178107,0.84840194749359,"induced","32-36"
104,0.812508646988607,0.769330694254,0.848407912203094,"induced","32-36"
105,0.812508646988607,0.769330694254,0.848407912203094,"induced","32-36"
106,0.812508646988607,0.769330694254,0.848407912203094,"induced","32-36"
107,0.812508646988607,0.769330694254,0.848407912203094,"induced","32-36"
108,0.812514064559582,0.769335498761421,0.848413548638682,"induced","32-36"
109,0.812514064559582,0.769335498761421,0.848413548638682,"induced","32-36"
110,0.812514064559582,0.769335498761421,0.848413548638682,"induced","32-36"
111,0.812514064559582,0.769335498761421,0.848413548638682,"induced","32-36"
112,0.812514064559582,0.769335498761421,0.848413548638682,"induced","32-36"
113,0.812514064559582,0.769335498761421,0.848413548638682,"induced","32-36"
114,0.812522234905321,0.769343041000286,0.848421844070315,"induced","32-36"
115,0.812525656851581,0.769346241702606,0.848425289482246,"induced","32-36"
116,0.812528675023207,0.769349459089337,0.84842805573086,"induced","32-36"
117,0.812528675023207,0.769349459089337,0.84842805573086,"induced","32-36"
118,0.812532009007438,0.769352547586927,0.848431433259093,"induced","32-36"
119,0.812534753391827,0.769355246754321,0.848434105049622,"induced","32-36"
120,0.812536924511347,0.769357387890469,0.848436214735825,"induced","32-36"
